[{"key": "thingiverse_downloader", "name": "Thingiverse Downloader", "url": "https://github.com/appdevelopmentandsuch/Thingiverse-Downloader"}, {"key": "themeify", "name": "Themeify", "url": "https://github.com/birkbjo/OctoPrint-Themeify"}, {"key": "stlviewer", "name": "STL Viewer", "url": "https://github.com/jneilliii/OctoPrint-STLViewer"}, {"key": "prusaslicerthumbnails", "name": "Slicer Thumbnails", "url": "https://github.com/jneilliii/OctoPrint-PrusaSlicerThumbnails"}, {"key": "PrintJobHistory", "name": "PrintJobHistory", "url": "https://github.com/OllisGit/OctoPrint-PrintJobHistory"}, {"key": "preheat", "name": "Preheat Button", "url": "https://github.com/marian42/octoprint-preheat"}, {"key": "UltimakerFormatPackage", "name": "Cura Thumbnails", "url": "https://github.com/jneilliii/OctoPrint-UltimakerFormatPackage"}, {"key": "PrintTimeGenius", "name": "PrintTimeGenius Plugin", "url": "https://github.com/eyal0/OctoPrint-PrintTimeGenius"}, {"key": "prettygcode", "name": "PrettyGCode", "url": "https://github.com/Kragrathea/OctoPrint-PrettyGCode"}, {"key": "navbartemp", "name": "Navbar Temperature Plugin", "url": "https://github.com/imrahil/OctoPrint-NavbarTemp"}, {"key": "HeaterTimeout", "name": "HeaterTimeout", "url": "https://github.com/Andy-ch/OctoPrint-HeaterTimeout"}, {"key": "GcodeEditor", "name": "GcodeEditor", "url": "https://github.com/ieatacid/OctoPrint-GcodeEditor"}, {"key": "floatingnavbar", "name": "Floating Navbar", "url": "https://github.com/jneilliii/OctoPrint-FloatingNavbar"}, {"key": "filamentmanager", "name": "Filament Manager", "url": "https://github.com/OllisGit/OctoPrint-FilamentManager"}, {"key": "excluderegion", "name": "Exclude Region", "url": "https://github.com/bradcfisher/OctoPrint-ExcludeRegionPlugin"}, {"key": "dashboard", "name": "Dashboard", "url": "https://github.com/j7126/OctoPrint-Dashboard"}, {"key": "costestimation", "name": "Cost Estimation", "url": "https://github.com/OllisGit/OctoPrint-CostEstimation"}, {"key": "BLTouch", "name": "BLTouch Plugin", "url": "https://github.com/jneilliii/OctoPrint-Bltouch"}, {"key": "octoapp", "name": "OctoApp", "url": "https://github.com/crysxd/OctoApp-Plugin/"}, {"key": "navbarclock", "name": "Navbar Clock", "url": "https://github.com/ManuelMcLure/OctoPrint-NavbarClock"}, {"key": "marlingcodedocumentation", "name": "Marlin GCode Documentation", "url": "https://github.com/costas-basdekis/MarlinGcodeDocumentation"}, {"key": "DisplayLayerProgress", "name": "DisplayLayerProgress Plugin", "url": "https://github.com/OllisGit/OctoPrint-DisplayLayerProgress"}, {"key": "bedlevelvisualizer", "name": "Bed Visualizer", "url": "https://github.com/jneilliii/OctoPrint-BedLevelVisualizer"}, {"key": "thingiverse", "name": "Thingiverse Plugin", "url": "https://github.com/stefancandrea/OctoPrint-Thingiverse"}]